cantidad,tiempo
500,0.23033112000266556
1000,0.5541459000000032
2000,1.3117636000009951
5000,4.228091539998422
10000,24.077644659997894
20000,55.17623800000001
